[
{
    "pk": 1, 
    "model": "sites.site", 
    "fields": {
        "domain": "example.com", 
        "name": "example.com"
    }
},
{
    "pk": 1, 
    "model": "games.vote", 
    "fields": {
        "count": 2, 
        "game": 1, 
        "created": "2014-03-07T11:43:37Z"
    }
},
{
    "pk": 2, 
    "model": "games.vote", 
    "fields": {
        "count": 2, 
        "game": 3, 
        "created": "2014-03-14T16:35:02Z"
    }
},
{
    "pk": 3, 
    "model": "games.vote", 
    "fields": {
        "count": 1, 
        "game": 2, 
        "created": "2014-03-07T09:40:17Z"
    }
},
{
    "pk": 4, 
    "model": "games.vote", 
    "fields": {
        "count": 2, 
        "game": 5, 
        "created": "2014-03-07T11:54:45Z"
    }
},
{
    "pk": 5, 
    "model": "games.vote", 
    "fields": {
        "count": 1, 
        "game": 21, 
        "created": "2014-03-14T11:24:20Z"
    }
},
{
    "pk": 6, 
    "model": "games.vote", 
    "fields": {
        "count": 1, 
        "game": 22, 
        "created": "2014-03-14T16:46:45Z"
    }
},
{
    "pk": 7, 
    "model": "games.vote", 
    "fields": {
        "count": 1, 
        "game": 23, 
        "created": "2014-03-14T17:04:28Z"
    }
},
{
    "pk": 8, 
    "model": "games.vote", 
    "fields": {
        "count": 0, 
        "game": 200, 
        "created": "2014-03-14T17:16:05Z"
    }
},
{
    "pk": 1, 
    "model": "auth.permission", 
    "fields": {
        "codename": "add_permission", 
        "name": "Can add permission", 
        "content_type": 1
    }
},
{
    "pk": 2, 
    "model": "auth.permission", 
    "fields": {
        "codename": "change_permission", 
        "name": "Can change permission", 
        "content_type": 1
    }
},
{
    "pk": 3, 
    "model": "auth.permission", 
    "fields": {
        "codename": "delete_permission", 
        "name": "Can delete permission", 
        "content_type": 1
    }
},
{
    "pk": 4, 
    "model": "auth.permission", 
    "fields": {
        "codename": "add_group", 
        "name": "Can add group", 
        "content_type": 2
    }
},
{
    "pk": 5, 
    "model": "auth.permission", 
    "fields": {
        "codename": "change_group", 
        "name": "Can change group", 
        "content_type": 2
    }
},
{
    "pk": 6, 
    "model": "auth.permission", 
    "fields": {
        "codename": "delete_group", 
        "name": "Can delete group", 
        "content_type": 2
    }
},
{
    "pk": 7, 
    "model": "auth.permission", 
    "fields": {
        "codename": "add_user", 
        "name": "Can add user", 
        "content_type": 3
    }
},
{
    "pk": 8, 
    "model": "auth.permission", 
    "fields": {
        "codename": "change_user", 
        "name": "Can change user", 
        "content_type": 3
    }
},
{
    "pk": 9, 
    "model": "auth.permission", 
    "fields": {
        "codename": "delete_user", 
        "name": "Can delete user", 
        "content_type": 3
    }
},
{
    "pk": 10, 
    "model": "auth.permission", 
    "fields": {
        "codename": "add_contenttype", 
        "name": "Can add content type", 
        "content_type": 4
    }
},
{
    "pk": 11, 
    "model": "auth.permission", 
    "fields": {
        "codename": "change_contenttype", 
        "name": "Can change content type", 
        "content_type": 4
    }
},
{
    "pk": 12, 
    "model": "auth.permission", 
    "fields": {
        "codename": "delete_contenttype", 
        "name": "Can delete content type", 
        "content_type": 4
    }
},
{
    "pk": 13, 
    "model": "auth.permission", 
    "fields": {
        "codename": "add_session", 
        "name": "Can add session", 
        "content_type": 5
    }
},
{
    "pk": 14, 
    "model": "auth.permission", 
    "fields": {
        "codename": "change_session", 
        "name": "Can change session", 
        "content_type": 5
    }
},
{
    "pk": 15, 
    "model": "auth.permission", 
    "fields": {
        "codename": "delete_session", 
        "name": "Can delete session", 
        "content_type": 5
    }
},
{
    "pk": 16, 
    "model": "auth.permission", 
    "fields": {
        "codename": "add_site", 
        "name": "Can add site", 
        "content_type": 6
    }
},
{
    "pk": 17, 
    "model": "auth.permission", 
    "fields": {
        "codename": "change_site", 
        "name": "Can change site", 
        "content_type": 6
    }
},
{
    "pk": 18, 
    "model": "auth.permission", 
    "fields": {
        "codename": "delete_site", 
        "name": "Can delete site", 
        "content_type": 6
    }
},
{
    "pk": 19, 
    "model": "auth.permission", 
    "fields": {
        "codename": "add_logentry", 
        "name": "Can add log entry", 
        "content_type": 7
    }
},
{
    "pk": 20, 
    "model": "auth.permission", 
    "fields": {
        "codename": "change_logentry", 
        "name": "Can change log entry", 
        "content_type": 7
    }
},
{
    "pk": 21, 
    "model": "auth.permission", 
    "fields": {
        "codename": "delete_logentry", 
        "name": "Can delete log entry", 
        "content_type": 7
    }
},
{
    "pk": 22, 
    "model": "auth.permission", 
    "fields": {
        "codename": "add_game", 
        "name": "Can add game", 
        "content_type": 8
    }
},
{
    "pk": 23, 
    "model": "auth.permission", 
    "fields": {
        "codename": "change_game", 
        "name": "Can change game", 
        "content_type": 8
    }
},
{
    "pk": 24, 
    "model": "auth.permission", 
    "fields": {
        "codename": "delete_game", 
        "name": "Can delete game", 
        "content_type": 8
    }
},
{
    "pk": 25, 
    "model": "auth.permission", 
    "fields": {
        "codename": "add_vote", 
        "name": "Can add vote", 
        "content_type": 9
    }
},
{
    "pk": 26, 
    "model": "auth.permission", 
    "fields": {
        "codename": "change_vote", 
        "name": "Can change vote", 
        "content_type": 9
    }
},
{
    "pk": 27, 
    "model": "auth.permission", 
    "fields": {
        "codename": "delete_vote", 
        "name": "Can delete vote", 
        "content_type": 9
    }
},
{
    "pk": 28, 
    "model": "auth.permission", 
    "fields": {
        "codename": "add_useractivitylog", 
        "name": "Can add user activity log", 
        "content_type": 10
    }
},
{
    "pk": 29, 
    "model": "auth.permission", 
    "fields": {
        "codename": "change_useractivitylog", 
        "name": "Can change user activity log", 
        "content_type": 10
    }
},
{
    "pk": 30, 
    "model": "auth.permission", 
    "fields": {
        "codename": "delete_useractivitylog", 
        "name": "Can delete user activity log", 
        "content_type": 10
    }
},
{
    "pk": 1, 
    "model": "auth.user", 
    "fields": {
        "username": "alee", 
        "first_name": "", 
        "last_name": "", 
        "is_active": true, 
        "is_superuser": true, 
        "is_staff": true, 
        "last_login": "2014-03-15T14:32:28Z", 
        "groups": [], 
        "user_permissions": [], 
        "password": "pbkdf2_sha256$12000$qaiqULazWt0F$/GTGlnJLyvSGVBwhcg+VjQlpYHpvW8FqeESqlI9Tak4=", 
        "email": "alee@nat.com", 
        "date_joined": "2014-03-14T11:07:38Z"
    }
},
{
    "pk": 2, 
    "model": "auth.user", 
    "fields": {
        "username": "jim", 
        "first_name": "", 
        "last_name": "", 
        "is_active": true, 
        "is_superuser": false, 
        "is_staff": false, 
        "last_login": "2014-03-14T11:07:51Z", 
        "groups": [], 
        "user_permissions": [], 
        "password": "pbkdf2_sha256$12000$SmCxSRdHjdX1$Q81Pnez7eBVGWlKnekWFQQlbnZmU/+fUDj31jiBC2+8=", 
        "email": "jim@localhost.com", 
        "date_joined": "2014-03-14T11:07:51Z"
    }
},
{
    "pk": 3, 
    "model": "auth.user", 
    "fields": {
        "username": "tim", 
        "first_name": "", 
        "last_name": "", 
        "is_active": true, 
        "is_superuser": false, 
        "is_staff": false, 
        "last_login": "2014-03-14T11:07:51Z", 
        "groups": [], 
        "user_permissions": [], 
        "password": "pbkdf2_sha256$12000$asqLqg5oesCl$hBJAPmSv4g5e65jJgrm1LxR8kMJTSPiU6eWdbnOB1IM=", 
        "email": "tim@localhost.com", 
        "date_joined": "2014-03-14T11:07:51Z"
    }
},
{
    "pk": 4, 
    "model": "auth.user", 
    "fields": {
        "username": "tom", 
        "first_name": "", 
        "last_name": "", 
        "is_active": true, 
        "is_superuser": false, 
        "is_staff": false, 
        "last_login": "2014-03-14T11:07:51Z", 
        "groups": [], 
        "user_permissions": [], 
        "password": "pbkdf2_sha256$12000$DNsw6FNSrwoN$tqT13uoRH741vHm4ClMIPg727RYC4hFefLjb/oSUzyM=", 
        "email": "tom@localhost.com", 
        "date_joined": "2014-03-14T11:07:51Z"
    }
},
{
    "pk": 5, 
    "model": "auth.user", 
    "fields": {
        "username": "betty", 
        "first_name": "", 
        "last_name": "", 
        "is_active": true, 
        "is_superuser": false, 
        "is_staff": false, 
        "last_login": "2014-03-14T16:46:20Z", 
        "groups": [], 
        "user_permissions": [], 
        "password": "pbkdf2_sha256$12000$PHmbONXBvKcM$IkHo7CE3IiNdHseQ7x1mA4Cp5f8cP5d8wRqmyQeJmGA=", 
        "email": "betty@localhost.com", 
        "date_joined": "2014-03-14T11:07:51Z"
    }
},
{
    "pk": 6, 
    "model": "auth.user", 
    "fields": {
        "username": "sam", 
        "first_name": "", 
        "last_name": "", 
        "is_active": true, 
        "is_superuser": false, 
        "is_staff": false, 
        "last_login": "2014-03-14T11:07:51Z", 
        "groups": [], 
        "user_permissions": [], 
        "password": "pbkdf2_sha256$12000$Z2rxlbYixueI$H53utPEQarJeorruhOFk2hZdhi0otNYWRPbwuSDsJiA=", 
        "email": "sam@localhost.com", 
        "date_joined": "2014-03-14T11:07:51Z"
    }
},
{
    "pk": 7, 
    "model": "auth.user", 
    "fields": {
        "username": "bob", 
        "first_name": "", 
        "last_name": "", 
        "is_active": true, 
        "is_superuser": false, 
        "is_staff": false, 
        "last_login": "2014-03-14T17:33:24Z", 
        "groups": [], 
        "user_permissions": [], 
        "password": "pbkdf2_sha256$12000$EDEbEWe3GPX7$I5GmWIihZjmrSev5cWkPjs1mVlf2jbmTikUJTtmH7rA=", 
        "email": "bob@localhost.com", 
        "date_joined": "2014-03-14T11:07:52Z"
    }
},
{
    "pk": 8, 
    "model": "auth.user", 
    "fields": {
        "username": "jen", 
        "first_name": "", 
        "last_name": "", 
        "is_active": true, 
        "is_superuser": false, 
        "is_staff": false, 
        "last_login": "2014-03-14T16:43:30Z", 
        "groups": [], 
        "user_permissions": [], 
        "password": "pbkdf2_sha256$12000$vILxUilwgg84$xjP9N+NABpusb+kgYiin6V6sXQOiQTdsZD0IWms199Q=", 
        "email": "jen@localhost.com", 
        "date_joined": "2014-03-14T11:07:52Z"
    }
},
{
    "pk": 9, 
    "model": "auth.user", 
    "fields": {
        "username": "joe", 
        "first_name": "", 
        "last_name": "", 
        "is_active": true, 
        "is_superuser": false, 
        "is_staff": false, 
        "last_login": "2014-03-14T11:07:52Z", 
        "groups": [], 
        "user_permissions": [], 
        "password": "pbkdf2_sha256$12000$5DAFmGiNH7Qu$UQIWOKPF4qUoAtcUlmY3E28pAlQpw0kQCRLMTb96jZg=", 
        "email": "joe@localhost.com", 
        "date_joined": "2014-03-14T11:07:52Z"
    }
},
{
    "pk": 10, 
    "model": "auth.user", 
    "fields": {
        "username": "rich", 
        "first_name": "", 
        "last_name": "", 
        "is_active": true, 
        "is_superuser": false, 
        "is_staff": false, 
        "last_login": "2014-03-14T11:07:52Z", 
        "groups": [], 
        "user_permissions": [], 
        "password": "pbkdf2_sha256$12000$WgDJz4mLPJDk$GtcCANGB3vCLghEsOX7AqGKswZlNnAI6Q7DDY98wpeE=", 
        "email": "rich@localhost.com", 
        "date_joined": "2014-03-14T11:07:52Z"
    }
},
{
    "pk": 11, 
    "model": "auth.user", 
    "fields": {
        "username": "john", 
        "first_name": "", 
        "last_name": "", 
        "is_active": true, 
        "is_superuser": false, 
        "is_staff": false, 
        "last_login": "2014-03-14T11:07:52Z", 
        "groups": [], 
        "user_permissions": [], 
        "password": "pbkdf2_sha256$12000$ZKmi1AonUjcj$Tfb+gKEAe+mzvauwzeHp+K0Iik30KGXXHzaAtwcv1CY=", 
        "email": "john@localhost.com", 
        "date_joined": "2014-03-14T11:07:52Z"
    }
},
{
    "pk": 12, 
    "model": "auth.user", 
    "fields": {
        "username": "ann", 
        "first_name": "", 
        "last_name": "", 
        "is_active": true, 
        "is_superuser": false, 
        "is_staff": false, 
        "last_login": "2014-03-14T11:07:52Z", 
        "groups": [], 
        "user_permissions": [], 
        "password": "pbkdf2_sha256$12000$Ao1p7uepwtxj$Z7/cgQT6dwD9ZC1JTsqEAiY6HYr9854q5KkCYocMvDU=", 
        "email": "ann@localhost.com", 
        "date_joined": "2014-03-14T11:07:52Z"
    }
},
{
    "pk": 13, 
    "model": "auth.user", 
    "fields": {
        "username": "mary", 
        "first_name": "", 
        "last_name": "", 
        "is_active": true, 
        "is_superuser": false, 
        "is_staff": false, 
        "last_login": "2014-03-14T17:04:14Z", 
        "groups": [], 
        "user_permissions": [], 
        "password": "pbkdf2_sha256$12000$A8PFO007wLg1$jwjZX1Xo6ZcG2cLW8U5nFp+WI5U1k8UI5P8m1Eqwhik=", 
        "email": "mary@localhost.com", 
        "date_joined": "2014-03-14T11:07:52Z"
    }
},
{
    "pk": 14, 
    "model": "auth.user", 
    "fields": {
        "username": "tob", 
        "first_name": "", 
        "last_name": "", 
        "is_active": true, 
        "is_superuser": false, 
        "is_staff": false, 
        "last_login": "2014-03-14T17:26:33Z", 
        "groups": [], 
        "user_permissions": [], 
        "password": "pbkdf2_sha256$12000$yIA6VTeYumAG$WL9/oo4LlQSu1VKNeV38tpohBBblQ8h7AiD6QdewPLI=", 
        "email": "tob@localhost.com", 
        "date_joined": "2014-03-14T11:22:41Z"
    }
},
{
    "pk": 1, 
    "model": "games.game", 
    "fields": {
        "created": "2013-03-07T11:54:45Z", 
        "user": 1, 
        "owned": false, 
        "title": "AMF Bowling 2004"
    }
},
{
    "pk": 2, 
    "model": "games.game", 
    "fields": {
        "created": "2013-03-07T11:54:45Z", 
        "user": 2, 
        "owned": false, 
        "title": "Arctic Thunder"
    }
},
{
    "pk": 3, 
    "model": "games.game", 
    "fields": {
        "created": "2013-03-07T11:54:45Z", 
        "user": 3, 
        "owned": false, 
        "title": "Batman Vengeance"
    }
},
{
    "pk": 4, 
    "model": "games.game", 
    "fields": {
        "created": "2013-03-07T11:54:45Z", 
        "user": 4, 
        "owned": true, 
        "title": "Blood Omen 2"
    }
},
{
    "pk": 5, 
    "model": "games.game", 
    "fields": {
        "created": "2013-03-07T11:54:45Z", 
        "user": 5, 
        "owned": true, 
        "title": "Catwoman"
    }
},
{
    "pk": 6, 
    "model": "games.game", 
    "fields": {
        "created": "2013-03-07T11:54:45Z", 
        "user": 6, 
        "owned": true, 
        "title": "Celebrity Deathmatch"
    }
},
{
    "pk": 7, 
    "model": "games.game", 
    "fields": {
        "created": "2013-03-07T11:54:45Z", 
        "user": 1, 
        "owned": true, 
        "title": "Cold War"
    }
},
{
    "pk": 8, 
    "model": "games.game", 
    "fields": {
        "created": "2013-03-07T11:54:45Z", 
        "user": 2, 
        "owned": true, 
        "title": "Crimson Sea Koei"
    }
},
{
    "pk": 9, 
    "model": "games.game", 
    "fields": {
        "created": "2013-03-07T11:54:45Z", 
        "user": 3, 
        "owned": true, 
        "title": "Deathrow"
    }
},
{
    "pk": 10, 
    "model": "games.game", 
    "fields": {
        "created": "2013-03-07T11:54:45Z", 
        "user": 4, 
        "owned": true, 
        "title": "Defender"
    }
},
{
    "pk": 11, 
    "model": "games.game", 
    "fields": {
        "created": "2013-03-07T11:54:45Z", 
        "user": 5, 
        "owned": true, 
        "title": "Dinosaur Hunting"
    }
},
{
    "pk": 12, 
    "model": "games.game", 
    "fields": {
        "created": "2013-03-07T11:54:45Z", 
        "user": 6, 
        "owned": true, 
        "title": "ESPN NBA 2K5"
    }
},
{
    "pk": 13, 
    "model": "games.game", 
    "fields": {
        "created": "2013-03-07T11:54:45Z", 
        "user": 7, 
        "owned": false, 
        "title": "ESPN NFL 2K5"
    }
},
{
    "pk": 14, 
    "model": "games.game", 
    "fields": {
        "created": "2013-03-07T11:54:45Z", 
        "user": 1, 
        "owned": true, 
        "title": "ESPN NHL 2K5"
    }
},
{
    "pk": 15, 
    "model": "games.game", 
    "fields": {
        "created": "2013-03-07T11:54:45Z", 
        "user": 2, 
        "owned": true, 
        "title": "FIFA Soccer 2003"
    }
},
{
    "pk": 16, 
    "model": "games.game", 
    "fields": {
        "created": "2013-03-07T11:54:45Z", 
        "user": 3, 
        "owned": false, 
        "title": "FIFA Soccer 2004"
    }
},
{
    "pk": 17, 
    "model": "games.game", 
    "fields": {
        "created": "2013-03-07T11:54:45Z", 
        "user": 4, 
        "owned": false, 
        "title": "FIFA Soccer 2005"
    }
},
{
    "pk": 18, 
    "model": "games.game", 
    "fields": {
        "created": "2013-03-07T11:54:45Z", 
        "user": 5, 
        "owned": false, 
        "title": "Freaky Flyers"
    }
},
{
    "pk": 19, 
    "model": "games.game", 
    "fields": {
        "created": "2013-03-07T11:54:45Z", 
        "user": 6, 
        "owned": false, 
        "title": "Freedom Fighters"
    }
},
{
    "pk": 20, 
    "model": "games.game", 
    "fields": {
        "created": "2013-03-07T11:54:45Z", 
        "user": 1, 
        "owned": false, 
        "title": "Freestyle MetalX"
    }
},
{
    "pk": 21, 
    "model": "games.game", 
    "fields": {
        "created": "2014-03-14T11:23:09Z", 
        "user": 14, 
        "owned": false, 
        "title": "My Special Test Game"
    }
},
{
    "pk": 22, 
    "model": "games.game", 
    "fields": {
        "created": "2014-03-14T16:07:04Z", 
        "user": 1, 
        "owned": false, 
        "title": "Madder Max "
    }
},
{
    "pk": 23, 
    "model": "games.game", 
    "fields": {
        "created": "2014-03-14T16:43:41Z", 
        "user": 8, 
        "owned": false, 
        "title": "Super Fun Ball"
    }
},
{
    "pk": 200, 
    "model": "games.game", 
    "fields": {
        "created": "2014-03-14T17:16:05Z", 
        "user": 9, 
        "owned": false, 
        "title": "Test Count Votes"
    }
},
{
    "pk": 1, 
    "model": "games.useractivitylog", 
    "fields": {
        "action": "added", 
        "action_datetime": "2014-03-14T16:07:04Z", 
        "game": 22, 
        "user": 1
    }
},
{
    "pk": 2, 
    "model": "games.useractivitylog", 
    "fields": {
        "action": "voted", 
        "action_datetime": "2014-03-14T16:35:02Z", 
        "game": 3, 
        "user": 7
    }
},
{
    "pk": 3, 
    "model": "games.useractivitylog", 
    "fields": {
        "action": "added", 
        "action_datetime": "2014-03-14T16:43:41Z", 
        "game": 23, 
        "user": 8
    }
},
{
    "pk": 4, 
    "model": "games.useractivitylog", 
    "fields": {
        "action": "voted", 
        "action_datetime": "2014-03-14T16:46:45Z", 
        "game": 22, 
        "user": 5
    }
},
{
    "pk": 5, 
    "model": "games.useractivitylog", 
    "fields": {
        "action": "voted", 
        "action_datetime": "2014-03-14T17:04:28Z", 
        "game": 23, 
        "user": 13
    }
}
]
